{
  "name": "socket.io.client",
  "version": "1.3.5",
  "homepage": "https://github.com/jamesjieye/socket.io.client",
  "authors": [
    "James Ye <james.ye@hotmail.com>"
  ],
  "description": "socket.io client js copied from http://socket.io/download/",
  "main": "dist/socket.io-1.3.5.js",
  "keywords": [
    "socket.io",
    "socket.io-client"
  ],
  "license": "MIT",
  "ignore": [
    "**/.*",
    "node_modules",
    "bower_components",
    "test",
    "tests"
  ],
  "_release": "1.3.5",
  "_resolution": {
    "type": "version",
    "tag": "1.3.5",
    "commit": "06abb65a66f142c66110f7ce5b1322902b849c02"
  },
  "_source": "https://github.com/jamesjieye/socket.io.client.git",
  "_target": "^1.3.5",
  "_originalSource": "socket.io.client"
}