{
  "name": "angular-socket-io",
  "version": "0.7.0",
  "main": "socket.js",
  "dependencies": {
    "angular": "^1.2.6"
  },
  "devDependencies": {
    "angular-mocks": "^1.2.6"
  },
  "homepage": "https://github.com/btford/angular-socket-io",
  "_release": "0.7.0",
  "_resolution": {
    "type": "version",
    "tag": "v0.7.0",
    "commit": "0864970501e7f5ce82b1182e29ed1b63e80cf5cc"
  },
  "_source": "https://github.com/btford/angular-socket-io.git",
  "_target": "^0.7.0",
  "_originalSource": "angular-socket-io"
}